170127133753,0,3,130,300,80,2,5.0000000000000000,0.0000000000000000,0.7900000000000000,0.0000000000000000,0.0000000000000000,9.9771470332592855,17.7727232313338384,1.7442424097201403,14.9125725576138031,0.0404679286398174,-1.7836294576654694,0.6373925679249725,0.0000000000000000,0.0000000000000000,0.0000000000061183,0.0000000000460187,0.0056701915788981,0.0090307125873223,0.0153369623628508,0.0000000000000000,0.0000000000000000,0.0012788599500596,0.0007809886651214,0.0000000744772332,0.0000000000000000
170127165542,0,3,130,300,80,2,5.0000000000000000,0.0000000000000000,0.7900000000000000,0.0000000000000000,0.0000000000000000,9.9771470332592855,17.7727232313338384,1.7442424097201297,14.9125725576137977,0.0404679286398180,-1.7836294576654697,0.6373925679249738,0.0000000000000000,0.0000000000000000,0.0000000000061183,0.0000000000460194,0.0056701915788981,0.0090307125873220,0.0153369623628522,0.0000000000000000,0.0000000000000000,0.0012788599500581,0.0007809886651200,0.0000000744772332,0.0000000000000000
170127165542,1,3,130,300,80,2,5.0000000000000000,0.0000000000000000,0.7890000000000000,0.0000000000000000,0.0000000000000000,9.8949051116953672,17.6468441750656879,1.9433663919924697,14.8950432501230630,0.0442310787053749,-1.7815528462232262,0.6404740445163509,0.0000000000000000,0.0000000000000000,0.0000000034958916,0.0000000109955961,0.0056696396399431,0.0088495628294339,0.0149514567816085,0.0000000000000000,0.0000000000000014,0.0012922131516372,0.0007645073199127,0.0000000844063287,0.0000000000000000
170127165542,2,3,130,300,80,2,5.0000000000000000,0.0000000000000000,0.7880000000000000,0.0000000000000000,0.0000000000000000,9.8134887076534341,17.5221614986825038,2.1403401058497771,14.8776333138867027,0.0479640003957800,-1.7794903300488338,0.6435298887378297,0.0000000000000000,0.0000000000000000,0.0000000025079867,0.0000000085459636,0.0056690920044322,0.0086767372934673,0.0146002820089318,0.0000000000000000,0.0000000000000069,0.0013027215336864,0.0007583033371548,0.0000000976283394,0.0000000000000000
170127165542,3,3,130,300,80,2,5.0000000000000000,0.0000000000000000,0.7870000000000000,0.0000000000000000,0.0000000000000000,9.7328879724298769,17.3986795254895981,2.3351624216008027,14.8603419973607149,0.0516687856978089,-1.7774425944920487,0.6465629377319120,0.0000000000000000,0.0000000000000000,0.0000000018581019,0.0000000067925580,0.0056685545784196,0.0085114452904258,0.0142776672154465,0.0000000000000000,0.0000000000000003,0.0013109321369930,0.0007496144742009,0.0000001115160854,0.0000000000000000
170127165542,4,3,130,300,80,2,5.0000000000000000,0.0000000000000000,0.7860000000000000,0.0000000000000000,0.0000000000000000,9.6530739488188413,17.2763282967935758,2.5279490202431560,14.8431685514013285,0.0553455303301391,-1.7754095394093961,0.6495732466887686,0.0000000000000000,0.0000000000000000,0.0000000014147969,0.0000000055049616,0.0056680203011826,0.0083531313621407,0.0139793339388286,0.0000000000000000,0.0000000000000000,0.0013172503228929,0.0007389941341076,0.0000001261071194,0.0000000000000000
170127165542,5,3,130,300,80,2,5.0000000000000000,0.0000000000000000,0.7850000000000000,0.0000000000000000,0.0000000000000000,9.5740226928035312,17.1550525741123749,2.7187919170578709,14.8261122292071512,0.0589943433573432,-1.7733910702403610,0.6525608895410230,0.0000000000000000,0.0000000000000000,0.0000000011029253,0.0000000045367689,0.0056674838805414,0.0082012812593215,0.0137018908905197,0.0000000000000000,0.0000000000000000,0.0013219912947018,0.0007267962360916,0.0000001414282087,0.0000000000000000
170127165542,6,3,130,300,80,2,5.0000000000000000,0.0000000000000000,0.7840000000000000,0.0000000000000000,0.0000000000000000,9.4957139736424381,17.0348077638647837,2.9077659988241145,14.8091722862820490,0.0626153408037866,-1.7713870958024209,0.6555259503756385,0.0000000000000000,0.0000000000000000,0.0000000008776071,0.0000000037934317,0.0056669412617781,0.0080554251857918,0.0134426062154608,0.0000000000000000,0.0000000000000001,0.0013254042233952,0.0007132580736288,0.0000001575001687,0.0000000000000000
170127165542,7,3,130,300,80,2,5.0000000000000000,0.0000000000000000,0.7830000000000000,0.0000000000000000,0.0000000000000000,9.4181303903684768,16.9155571999845158,3.0949333856154446,14.7923479803955988,0.0662086422984482,-1.7693975270571642,0.6584685188480028,0.0000000000000000,0.0000000000000000,0.0000000007110146,0.0000000032123352,0.0056663892823133,0.0079151367507767,0.0131992480422573,0.0000000000000000,0.0000000000000004,0.0013276889191154,0.0006985448184066,0.0000001743405517,0.0000000000000000
170127165542,8,3,130,300,80,2,5.0000000000000000,0.0000000000000000,0.7820000000000000,0.0000000000000000,0.0000000000000000,9.3412567500814117,16.7972702651703933,3.2803464483629519,14.7756385715447234,0.0697743691290623,-1.7674222764370260,0.6613886875658586,0.0000000000000000,0.0000000000000000,0.0000000005853231,0.0000000027508328,0.0056658254385522,0.0077800300391113,0.0129699702598276,0.0000000000000000,0.0000000000000000,0.0013290076274259,0.0006827748132454,0.0000001919651471,0.0000000000000000
170127165542,9,3,130,300,80,2,5.0000000000000000,0.0000000000000000,0.7810000000000000,0.0000000000000000,0.0000000000000000,9.2650796155052610,16.6799210489925294,3.4640499653024825,14.7590433219144064,0.0733126431300523,-1.7654612574310331,0.6642865505661103,0.0000000000000000,0.0000000000000000,0.0000000004887844,0.0000000023791730,0.0056652477236387,0.0076497559884560,0.0127532290054183,0.0000000000000000,0.0000000000000000,0.0013294935532975,0.0006660346869348,0.0000002103888764,0.0000000000000000
170127165542,10,3,130,300,80,2,5.0000000000000000,0.0000000000000000,0.7800000000000000,0.0000000000000000,0.0000000000000000,9.1895869679405173,16.5634873657427057,3.6460827011236177,14.7425614958411195,0.0768235860144168,-1.7635143843343648,0.6671622023991786,0.0000000000000000,0.0000000000000000,0.0000000004134582,0.0000000020761352,0.0056646545116767,0.0075239986635943,0.0125477204968514,0.0000000000000000,0.0000000000000000,0.0013292571349606,0.0006483887936262,0.0000002296263299,0.0000000000000000
170129222739,0,3,130,300,80,2,5.0000000000000000,0.0000000000000000,0.7900000000000000,0.0000000000000000,0.0000000000000000,9.9771473122977170,17.7727236601481060,1.7442417321933092,14.9125725576136592,0.0404679146477353,-1.7836294547761073,0.6373925510435398,0.0000000000000000,0.0000000000000000,0.0000000000000014,0.0000000000000040,0.0056701915571240,0.0090307132825129,0.0153369642043066,0.0000000000000000,0.0000000000000000,0.0012788598541067,0.0007809936906640,0.0000000744806821,0.0000000000000000
170129231456,0,3,130,300,80,2,5.0000000000000000,0.0000000000000000,0.7900000000000000,0.0000000000000000,0.0000000000000000,9.9771473123102030,17.7727236601681717,1.7442417321619601,14.9125725576138368,0.0404679146471807,-1.7836294547760405,0.6373925510429040,0.0000000000000000,0.0000000000000000,0.0000000000000013,0.0000000000000040,0.0056701915571233,0.0090307132825281,0.0153369642044001,0.0000000000000000,0.0000000000000000,0.0012788598541142,0.0007809936905875,0.0000000744806820,0.0000000000000000
170129231456,1,3,130,300,80,2,5.0000000000000000,0.0000000000000000,0.7890000000000000,0.0000000000000000,0.0000000000000000,9.8949051117156692,17.6468441751226486,1.9433663919026394,14.8950432501230896,0.0442310787062837,-1.7815528462232031,0.6404740445172350,0.0000000000000000,0.0000000000000000,0.0000000034958938,0.0000000109956075,0.0056696396399498,0.0088495628293841,0.0149514567817429,0.0000000000000000,0.0000000000000009,0.0012922131516259,0.0007645073129432,0.0000000844063271,0.0000000000000000
170129231456,2,3,130,300,80,2,5.0000000000000000,0.0000000000000000,0.7880000000000000,0.0000000000000000,0.0000000000000000,9.8134887076479487,17.5221614986741088,2.1403401058628795,14.8776333138866388,0.0479640003960351,-1.7794903300489684,0.6435298887382244,0.0000000000000000,0.0000000000000000,0.0000000025079867,0.0000000085459629,0.0056690920044326,0.0086767372934241,0.0146002820089066,0.0000000000000000,0.0000000000000000,0.0013027215336907,0.0007583033371256,0.0000000976283394,0.0000000000000000
170129231456,3,3,130,300,80,2,5.0000000000000000,0.0000000000000000,0.7870000000000000,0.0000000000000000,0.0000000000000000,9.7328879724393200,17.3986795255040860,2.3351624215782536,14.8603419973608428,0.0516687856974235,-1.7774425944918923,0.6465629377313600,0.0000000000000000,0.0000000000000000,0.0000000018581019,0.0000000067925580,0.0056685545784188,0.0085114452904265,0.0142776672155060,0.0000000000000000,0.0000000000000000,0.0013109321369985,0.0007496144740942,0.0000001115160852,0.0000000000000000
170129231456,4,3,130,300,80,2,5.0000000000000000,0.0000000000000000,0.7860000000000000,0.0000000000000000,0.0000000000000000,9.6530739488045150,17.2763282967715561,2.5279490202777808,14.8431685514013338,0.0553455303307806,-1.7754095394097003,0.6495732466897136,0.0000000000000000,0.0000000000000000,0.0000000014147969,0.0000000055049616,0.0056680203011838,0.0083531313621258,0.0139793339387340,0.0000000000000000,0.0000000000000033,0.0013172503229044,0.0007389941341162,0.0000001261071195,0.0000000000000000
170129231456,5,3,130,300,80,2,5.0000000000000000,0.0000000000000000,0.7850000000000000,0.0000000000000000,0.0000000000000000,9.5740226928107113,17.1550525741228803,2.7187919170412442,14.8261122292070837,0.0589943433570207,-1.7733910702402265,0.6525608895405713,0.0000000000000000,0.0000000000000000,0.0000000011029253,0.0000000045367703,0.0056674838805406,0.0082012812592949,0.0137018908905869,0.0000000000000000,0.0000000000000000,0.0013219912947026,0.0007267962361432,0.0000001414282085,0.0000000000000000
170129231456,6,3,130,300,80,2,5.0000000000000000,0.0000000000000000,0.7840000000000000,0.0000000000000000,0.0000000000000000,9.4957139736467759,17.0348077638715267,2.9077659988135380,14.8091722862820472,0.0626153408035702,-1.7713870958024933,0.6555259503754949,0.0000000000000000,0.0000000000000000,0.0000000008776070,0.0000000037934310,0.0056669412617778,0.0080554251857988,0.0134426062154427,0.0000000000000000,0.0000000000000000,0.0013254042234015,0.0007132580736082,0.0000001575001686,0.0000000000000000
170129231456,7,3,130,300,80,2,5.0000000000000000,0.0000000000000000,0.7830000000000000,0.0000000000000000,0.0000000000000000,9.4181303903814264,16.9155572000053986,3.0949333855826850,14.7923479803955704,0.0662086422978557,-1.7693975270571363,0.6584685188473846,0.0000000000000000,0.0000000000000000,0.0000000007110147,0.0000000032123339,0.0056663892823125,0.0079151367508574,0.0131992480422859,0.0000000000000000,0.0000000000000000,0.0013276889191192,0.0006985448183122,0.0000001743405514,0.0000000000000000
170129231456,8,3,130,300,80,2,5.0000000000000000,0.0000000000000000,0.7820000000000000,0.0000000000000000,0.0000000000000000,9.3412567500837760,16.7972702651744612,3.2803464483564930,14.7756385715446754,0.0697743691289348,-1.7674222764370660,0.6613886875657748,0.0000000000000000,0.0000000000000000,0.0000000005853231,0.0000000027508342,0.0056658254385521,0.0077800300391655,0.0129699702598350,0.0000000000000000,0.0000000000000000,0.0013290076274309,0.0006827748132522,0.0000001919651470,0.0000000000000000
170129231456,9,3,130,300,80,2,5.0000000000000000,0.0000000000000000,0.7810000000000000,0.0000000000000000,0.0000000000000000,9.2650796155031028,16.6799210489895167,3.4640499653071508,14.7590433219143886,0.0733126431301701,-1.7654612574311235,0.6642865505663196,0.0000000000000000,0.0000000000000000,0.0000000004887844,0.0000000023791730,0.0056652477236390,0.0076497559884672,0.0127532290053954,0.0000000000000000,0.0000000000000029,0.0013294935533056,0.0006660346868453,0.0000002103888765,0.0000000000000000
170129231456,10,3,130,300,80,2,5.0000000000000000,0.0000000000000000,0.7800000000000000,0.0000000000000000,0.0000000000000000,9.1895869679428213,16.5634873657465462,3.6460827011176704,14.7425614958411408,0.0768235860143530,-1.7635143843342045,0.6671622023989526,0.0000000000000000,0.0000000000000000,0.0000000004134583,0.0000000020761345,0.0056646545116766,0.0075239986635936,0.0125477204968800,0.0000000000000000,0.0000000000000000,0.0013292571349690,0.0006483887935199,0.0000002296263298,0.0000000000000000
170129231456,11,3,130,300,80,2,5.0000000000000000,0.0000000000000000,0.7790000000000000,0.0000000000000000,0.0000000000000000,9.1147679510798003,16.4479500203327618,3.8264785878723231,14.7261923597753839,0.0803073189636021,-1.7615815720819088,0.6700157375554106,0.0000000000000000,0.0000000000000000,0.0000000003538558,0.0000000018262978,0.0056640444733083,0.0074024717052779,0.0123523340027466,0.0000000000000000,0.0000000000000000,0.0013283907387103,0.0006298853390247,0.0000002496920985,0.0000000000000000
170129231456,12,3,130,300,80,2,5.0000000000000000,0.0000000000000000,0.7780000000000000,0.0000000000000000,0.0000000000000000,9.0406126728418830,16.3332922495928372,4.0052676241191882,14.7099351822428215,0.0837639623733414,-1.7596627361483179,0.6728472501140739,0.0000000000000000,0.0000000000000000,0.0000000003061062,0.0000000016182631,0.0056634165130338,0.0072849150740872,0.0121661157454534,0.0000000000000000,0.0000000000000000,0.0013269722239212,0.0006105604953640,0.0000002706009807,0.0000000000000000
170129231456,13,3,130,300,80,2,5.0000000000000000,0.0000000000000000,0.7770000000000000,0.0000000000000000,0.0000000000000000,8.9671120503221999,16.2194992912407052,4.1824765690308467,14.6937892338094525,0.0871936356717574,-1.7577577924803676,0.6756568334965781,0.0000000000000000,0.0000000000000000,0.0000000002674290,0.0000000014429212,0.0056627697218865,0.0071710921273380,0.0119882408339295,0.0000000000000000,0.0000000000000005,0.0013250676867220,0.0005904412451721,0.0000002923681024,0.0000000000000000
170129231456,14,3,130,300,80,2,5.0000000000000000,0.0000000000000000,0.7760000000000000,0.0000000000000000,0.0000000000000000,8.8942576857869327,16.1065580449137222,4.3581294883821684,14.6777537870441321,0.0905964572373531,-1.7558666574392692,0.6784445803297690,0.0000000000000000,0.0000000000000000,0.0000000002357942,0.0000000012938314,0.0056621033412314,0.0070607870243310,0.0118179911765491,0.0000000000000000,0.0000000000000000,0.0013227335970592,0.0005695474117737,0.0000003150090123,0.0000000000000000
170129231456,15,3,130,300,80,2,5.0000000000000000,0.0000000000000000,0.7750000000000000,0.0000000000000000,0.0000000000000000,8.8220417675598650,15.9944568043693902,4.5322481861929873,14.6618281164827717,0.0939725443246741,-1.7539892477659249,0.6812105823396926,0.0000000000000000,0.0000000000000000,0.0000000002096972,0.0000000011666593,0.0056614167346742,0.0069538024407782,0.0116547379156647,0.0000000000000000,0.0000000000000000,0.0013200184814340,0.0005478931236020,0.0000003385397290,0.0000000000000000
170129231456,16,3,130,300,80,2,5.0000000000000000,0.0000000000000000,0.7740000000000000,0.0000000000000000,0.0000000000000000,8.7504569891902264,15.8831850423354961,4.7048525516501165,14.6460114985927330,0.0973220130259025,-1.7521254805579540,0.6839549302930477,0.0000000000000000,0.0000000000000000,0.0000000001880070,0.0000000010574391,0.0056607093660665,0.0068499575606944,0.0114979273174882,0.0000000000000000,0.0000000000000000,0.0013169642613311,0.0005254879164386,0.0000003629767746,0.0000000000000000
170129231456,17,3,130,300,80,2,5.0000000000000000,0.0000000000000000,0.7730000000000000,0.0000000000000000,0.0000000000000000,8.6794964834212820,15.7727332366940995,4.8759608395466785,14.6303032117378784,0.1006449782445908,-1.7502752732490716,0.6866777139530814,0.0000000000000000,0.0000000000000000,0.0000000001698628,0.0000000009630463,0.0056599807820460,0.0067490863160483,0.0113470693360738,0.0000000000000000,0.0000000000000000,0.0013136073276169,0.0005023375480913,0.0000003883371935,0.0000000000000000
170129231456,18,3,130,300,80,2,5.0000000000000000,0.0000000000000000,0.7720000000000000,0.0000000000000000,0.0000000000000000,8.6091537671724225,15.6630927278643934,5.0455899004657461,14.6147025361441845,0.1039415536946414,-1.7484385435870446,0.6893790220592596,0.0000000000000000,0.0000000000000000,0.0000000001546012,0.0000000008809995,0.0056592305981068,0.0066510358416402,0.0112017282656962,0.0000000000000000,0.0000000000000012,0.0013099794103110,0.0004784446420873,0.0000004146385718,0.0000000000000000
170129232241,0,3,130,300,80,2,5.0000000000000000,0.0000000000000000,0.7900000000000000,0.0000000000000000,0.0000000000000000,9.9771473122995271,17.7727236601521845,1.7442417321869641,14.9125725576137089,0.0404679146476277,-1.7836294547761546,0.6373925510434756,0.0000000000000000,0.0000000000000000,0.0000000000000014,0.0000000000000040,0.0056701915571243,0.0090307132825216,0.0153369642043334,0.0000000000000000,0.0000000000000000,0.0012788598541100,0.0007809936906587,0.0000000744806823,0.0000000000000000
170129231456,19,3,130,300,80,2,5.0000000000000000,0.0000000000000000,0.7710000000000000,0.0000000000000000,0.0000000000000000,8.5394226960472395,15.5542556019633320,5.2137553695012038,14.5992087538643318,0.1072118518897095,-1.7466152096274532,0.6920589423132503,0.0000000000000000,0.0000000000000000,0.0000000001417057,0.0000000008092985,0.0056584584873467,0.0065556651207871,0.0110615150428513,0.0000000000000000,0.0000000000000001,0.0013061082880020,0.0004538091790745,0.0000004418990391,0.0000000000000000
170129231456,20,3,130,300,80,2,5.0000000000000000,0.0000000000000000,0.7700000000000000,0.0000000000000000,0.0000000000000000,8.4702974257399486,15.4462145931795920,5.3804718239938865,14.5838211487452298,0.1104559841574713,-1.7448051897142767,0.6947175613763609,0.0000000000000000,0.0000000000000000,0.0000000001307692,0.0000000008008974,0.0056576641713345,0.0064628437929833,0.0109260808600796,0.0000000000000000,0.0000000000000000,0.0013020183709652,0.0004284288922580,0.0000004701372806,0.0000000000000000
170129231456,21,3,130,300,80,2,5.0000000000000000,0.0000000000000000,0.7690000000000000,0.0000000000000000,0.0000000000000000,8.4017723799076229,15.3389630030606430,5.5457529140801647,14.5685390063937170,0.1136740606327144,-1.7430084024817172,0.6973549648671833,0.0000000000000000,0.0000000000000000,0.0000000001214681,0.0000000008091221,0.0056568474126191,0.0063724511064129,0.0107951118342945,0.0000000000000000,0.0000000000000005,0.0012977311834882,0.0004022995706267,0.0000004993725284,0.0000000000000000
170129231456,22,3,130,300,80,2,5.0000000000000000,0.0000000000000000,0.7680000000000000,0.0000000000000000,0.0000000000000000,8.3338422222692703,15.2324946316099687,5.7096114741362420,14.5533616141445776,0.1168661902832346,-1.7412247668333192,0.6999712373691530,0.0000000000000000,0.0000000000000000,0.0000000001135421,0.0000000008175392,0.0056560080085592,0.0062843749923594,0.0106683245260146,0.0000000000000000,0.0000000000000000,0.0012932657652539,0.0003754153143278,0.0000005296245739,0.0000000000000000
170129231456,23,3,130,300,80,2,5.0000000000000000,0.0000000000000000,0.7670000000000000,0.0000000000000000,0.0000000000000000,8.2665018329392463,15.1268037194129423,5.8720596164760543,14.5382882610277537,0.1200324809199044,-1.7394542019400303,0.7025664624412900,0.0000000000000000,0.0000000000000000,0.0000000001067804,0.0000000008261559,0.0056551457862252,0.0061985112468130,0.0105454621534954,0.0000000000000000,0.0000000000000000,0.0012886390075901,0.0003477687456610,0.0000005609137653,0.0000000000000000
170129231456,24,3,130,300,80,2,5.0000000000000000,0.0000000000000000,0.7660000000000000,0.0000000000000000,0.0000000000000000,8.1997462881151328,15.0218848984366993,6.0331088110671338,14.5233182377360794,0.1231730392118339,-1.7376966272354644,0.7051407226311889,0.0000000000000000,0.0000000000000000,0.0000000001010101,0.0000000008349643,0.0056542605981289,0.0061147628065043,0.0104262913760301,0.0000000000000000,0.0000000000000000,0.0012838659363653,0.0003193511679739,0.0000005932610076,0.0000000000000000
170129231456,25,3,130,300,80,2,5.0000000000000000,0.0000000000000000,0.7650000000000000,0.0000000000000000,0.0000000000000000,8.1335708425536009,14.9177331500019079,6.1927699536879715,14.5084508365954452,0.1262879706961281,-1.7359519624030479,0.7076940994742975,0.0000000000000000,0.0000000000000000,0.0000000000960890,0.0000000008439662,0.0056533523186321,0.0060330391047796,0.0103105995478131,0.0000000000000000,0.0000000000000000,0.0012789599514503,0.0002901527073925,0.0000006266877527,0.0000000000000000
170129231456,26,3,130,300,80,2,5.0000000000000000,0.0000000000000000,0.7640000000000000,0.0000000000000000,0.0000000000000000,8.0679709138097842,14.8143437678079959,6.3510534258535785,14.4936853515320987,0.1293773798144626,-1.7342201273742164,0.7102266735312908,0.0000000000000000,0.0000000000000000,0.0000000000918985,0.0000000008526414,0.0056524208409656,0.0059532554986814,0.0101981923596931,0.0000000000000000,0.0000000000000000,0.0012739330302784,0.0002601624317274,0.0000006612160197,0.0000000000000000
170129231456,27,3,130,300,80,2,5.0000000000000000,0.0000000000000000,0.7630000000000000,0.0000000000000000,0.0000000000000000,8.0029420690092241,14.7117123268355385,6.5079691453378103,14.4790210780444220,0.1324413699228681,-1.7325010423154805,0.7127385243871681,0.0000000000000000,0.0000000000000000,0.0000000000883391,0.0000000008613121,0.0056514660746556,0.0058753327572874,0.0100888918089799,0.0000000000000000,0.0000000000000001,0.0012687959015900,0.0002293684433499,0.0000006968683822,0.0000000000000000
170129231456,28,3,130,300,80,2,5.0000000000000000,0.0000000000000000,0.7620000000000000,0.0000000000000000,0.0000000000000000,7.9384800132919739,14.6098346565659263,6.6635266097376729,14.4644573131720726,0.1354800432945784,-1.7307946276419426,0.7152297306700715,0.0000000000000000,0.0000000000000000,0.0000000000853269,0.0000000008701718,0.0056504879433737,0.0057991966052400,0.0099825344414441,0.0000000000000000,0.0000000000000000,0.0012635581945924,0.0001977579599368,0.0000007336679536,0.0000000000000000
170129231456,29,3,130,300,80,2,5.0000000000000000,0.0000000000000000,0.7610000000000000,0.0000000000000000,0.0000000000000000,7.8745805786089091,14.5087068157066845,6.8177349374311476,14.4499933554683615,0.1384935011835740,-1.7291008039797842,0.7177003700795175,0.0000000000000000,0.0000000000000000,0.0000000000827907,0.0000000008792158,0.0056494863830782,0.0057247773117119,0.0098789698220972,0.0000000000000000,0.0000000000000000,0.0012582285673107,0.0001653173902421,0.0000007716384232,0.0000000000000000
170129231456,30,3,130,300,80,2,5.0000000000000000,0.0000000000000000,0.7600000000000000,0.0000000000000000,0.0000000000000000,7.8112397150523574,14.4083250724056757,6.9706028998831719,14.4356285049699000,0.1414818438111093,-1.7274194921858734,0.7201505193949450,0.0000000000000000,0.0000000000000000,0.0000000000806695,0.0000000008884436,0.0056484613404430,0.0056520093227888,0.0097780592037360,0.0000000000000000,0.0000000000000000,0.0012528148174937,0.0001320323888709,0.0000008108040261,0.0000000000000000
170129231456,31,3,130,300,80,2,5.0000000000000000,0.0000000000000000,0.7590000000000000,0.0000000000000000,0.0000000000000000,7.7484534822667976,14.3086858852068985,7.1221389525969983,14.4213620631705357,0.1444451704077364,-1.7257506133308105,0.7225802545028600,0.0000000000000000,0.0000000000000000,0.0000000000789114,0.0000000008978596,0.0056474127714912,0.0055808309298535,0.0096796743594145,0.0000000000000000,0.0000000000000000,0.0012473239788563,0.0000978879057666,0.0000008511895603,0.0000000000000000
170129231456,32,3,130,300,80,2,5.0000000000000000,0.0000000000000000,0.7580000000000000,0.0000000000000000,0.0000000000000000,7.6862180424386928,14.2097858874736325,7.2723512605781231,14.4071933329940745,0.1473835792134064,-1.7240940887063290,0.7249896504065078,0.0000000000000000,0.0000000000000000,0.0000000000774716,0.0000000009074636,0.0056463406404257,0.0055111839706961,0.0095836965584286,0.0000000000000000,0.0000000000000000,0.0012417624047960,0.0000628682288930,0.0000008928203636,0.0000000000000000
170129231456,33,3,130,300,80,2,5.0000000000000000,0.0000000000000000,0.7570000000000000,0.0000000000000000,0.0000000000000000,7.6245296530885218,14.1116218718901383,7.4212477234939698,14.3931216187678199,0.1502971675309777,-1.7224498398010462,0.7273787812572386,0.0000000000000000,0.0000000000000000,0.0000000000763114,0.0000000009172588,0.0056452449186190,0.0054430135585169,0.0094900156620419,0.0000000000000000,0.0000000000000000,0.0012361358415771,0.0000269570285935,0.0000009357223405,0.0000000000000000
170129231456,34,3,130,300,80,2,5.0000000000000000,0.0000000000000000,0.7560000000000000,0.0000000000000000,0.0000000000000000,7.5633846612358653,14.0141907778632504,7.5688359962623259,14.3791462261957808,0.1531860317423792,-1.7208177883038669,0.7297477203762059,0.0000000000000000,0.0000000000000000,0.0000000000753972,0.0000000009272401,0.0056441255837359,0.0053762678369892,0.0093985293254754,0.0000000000000000,0.0000000000000000,0.0012304494923694,0.0000098626156966,0.0000009799219588,0.0000000000000000
170129231456,35,3,130,300,80,2,5.0000000000000000,0.0000000000000000,0.7550000000000000,0.0000000000000000,0.0000000000000000,7.5027794981457454,13.9174896803125705,7.7151235073992801,14.3652664623356312,0.1560502673211116,-1.7191978561031074,0.7320965402678243,0.0000000000000000,0.0000000000000000,0.0000000000747006,0.0000000009374180,0.0056429826189709,0.0053108977587089,0.0093091422899529,0.0000000000000000,0.0000000000000000,0.0012247080734302,0.0000476081831332,0.0000010254462310,0.0000000000000000
170129231456,36,3,130,300,80,2,5.0000000000000000,0.0000000000000000,0.7540000000000000,0.0000000000000000,0.0000000000000000,7.4427106742324245,13.8215157790176679,7.8601174763885773,14.3514816355736095,0.1588899688670942,-1.7175899652782807,0.7344253126484007,0.0000000000000000,0.0000000000000000,0.0000000000741959,0.0000000009477825,0.0056418160123859,0.0052468568824622,0.0092217657534307,0.0000000000000000,0.0000000000000000,0.0012189158636713,0.0000862976897348,0.0000010723227278,0.0000000000000000
170129231456,37,3,130,300,80,2,5.0000000000000000,0.0000000000000000,0.7530000000000000,0.0000000000000000,0.0000000000000000,7.3831747743667595,13.7262663889478365,8.0038249294452406,14.3377910556003414,0.1617052301396443,-1.7159940380890490,0.7367341084699893,0.0000000000000000,0.0000000000000000,0.0000000000738618,0.0000000009583429,0.0056406257563386,0.0051841011885258,0.0091363168090295,0.0000000000000000,0.0000000000000000,0.0012130767484122,0.0001259496592658,0.0000011205795822,0.0000000000000000
170129231456,38,3,130,300,80,2,5.0000000000000000,0.0000000000000000,0.7520000000000000,0.0000000000000000,0.0000000000000000,7.3241684539297145,13.6317389321244917,8.1462527128633546,14.3241940333892952,0.1644961440756186,-1.7144099969773083,0.7390229979423319,0.0000000000000000,0.0000000000000000,0.0000000000736792,0.0000000009690986,0.0056394118469686,0.0051225889117037,0.0090527179438009,0.0000000000000000,0.0000000000000000,0.0012071942581377,0.0001665831110096,0.0000011702454824,0.0000000000000000
170129231456,39,3,130,300,80,2,5.0000000000000000,0.0000000000000000,0.7510000000000000,0.0000000000000000,0.0000000000000000,7.2656884350272346,13.5379309299852011,8.2874075055106609,14.3106898811742163,0.1672628028118768,-1.7128377645630462,0.7412920505529753,0.0000000000000000,0.0000000000000000,0.0000000000736318,0.0000000009800518,0.0056381742837644,0.0050622803871822,0.0089708965894099,0.0000000000000000,0.0000000000000000,0.0012012716028205,0.0002082175359170,0.0000012213496610,0.0000000000000000
170129231456,40,3,130,300,80,2,5.0000000000000000,0.0000000000000000,0.7500000000000000,0.0000000000000000,0.0000000000000000,7.2077315027919617,13.4448399960231022,8.4272958308229313,14.2972779124287914,0.1700052977236361,-1.7112772636348093,0.7435413350977120,0.0000000000000000,0.0000000000000000,0.0000000000737054,0.0000000009912026,0.0056369130691779,0.0050031379095954,0.0088907847183991,0.0000000000000000,0.0000000000000000,0.0011953117024670,0.0002508728823733,0.0000012739219114,0.0000000000000000
170129231456,41,3,130,300,80,2,5.0000000000000000,0.0000000000000000,0.7490000000000000,0.0000000000000000,0.0000000000000000,7.1502945020218851,13.3524638291453464,8.5659240676300641,14.2839574418448958,0.1727237194579732,-1.7097284171395717,0.7457709197056802,0.0000000000000000,0.0000000000000000,0.0000000000738872,0.0000000010019998,0.0056356282082785,0.0049451256042534,0.0088123184806134,0.0000000000000000,0.0000000000000004,0.0011893172144298,0.0002945695386092,0.0000013279925859,0.0000000000000000
170129231456,42,3,130,300,80,2,5.0000000000000000,0.0000000000000000,0.7480000000000000,0.0000000000000000,0.0000000000000000,7.0933743342113047,13.2608002079109184,8.7032984595964074,14.2707277853155698,0.1754181579573169,-1.7081911481869059,0.7479808718683829,0.0000000000000000,0.0000000000000000,0.0000000000741668,0.0000000010126694,0.0056343197084722,0.0048882093086849,0.0087354378755812,0.0000000000000000,0.0000000000000000,0.0011832905577390,0.0003393283194931,0.0000013835926002,0.0000000000000000
170129231456,43,3,130,300,80,2,5.0000000000000000,0.0000000000000000,0.7470000000000000,0.0000000000000000,0.0000000000000000,7.0369679551917743,13.1698469859243730,8.8394251228568557,14.2575882599139341,0.1780887024636307,-1.7066653800504823,0.7501712584470491,0.0000000000000000,0.0000000000000000,0.0000000000745346,0.0000000010235247,0.0056329875792286,0.0048323564638389,0.0086600864571634,0.0000000000000000,0.0000000000000000,0.0011772339348075,0.0003851704610874,0.0000014407533861,0.0000000000000000
170129231456,44,3,130,300,80,2,5.0000000000000000,0.0000000000000000,0.7460000000000000,0.0000000000000000,0.0000000000000000,6.9810723715683132,13.0796020850922332,8.9743100567980676,14.2445381838778395,0.1807354415967186,-1.7051510361397693,0.7523421457238586,0.0000000000000000,0.0000000000000000,0.0000000000749824,0.0000000010345682,0.0056316318318613,0.0047775360129884,0.0085862110636589,0.0000000000000000,0.0000000000000000,0.0011711493510171,0.0004321175939474,0.0000014995069562,0.0000000000000000
170129231456,45,3,130,300,80,2,5.0000000000000000,0.0000000000000000,0.7450000000000000,0.0000000000000000,0.0000000000000000,6.9256846389317426,12.9900634922552616,9.1079591497234240,14.2315768765918822,0.1833584633450650,-1.7036480400196929,0.7544935994138753,0.0000000000000000,0.0000000000000000,0.0000000000755033,0.0000000010458022,0.0056302524793359,0.0047237183096088,0.0085137615753623,0.0000000000000000,0.0000000000000000,0.0011650386323766,0.0004801917417013,0.0000015598858540,0.0000000000000000
170129231456,46,3,130,300,80,2,5.0000000000000000,0.0000000000000000,0.7440000000000000,0.0000000000000000,0.0000000000000000,6.8708018591516140,12.9012292541008868,9.2403781870421966,14.2187036585721582,0.1859578551183228,-1.7021563153912191,0.7566256846993283,0.0000000000000000,0.0000000000000000,0.0000000000760907,0.0000000010572249,0.0056288495360826,0.0046708750316718,0.0084426906925835,0.0000000000000000,0.0000000000000000,0.0011589034410680,0.0005294153085363,0.0000016219231770,0.0000000000000000
170129231456,47,3,130,300,80,2,5.0000000000000000,0.0000000000000000,0.7430000000000000,0.0000000000000000,0.0000000000000000,6.8164211782639796,12.8130974732911813,9.3715728575927173,14.2059178514517068,0.1885337037695618,-1.7006757860912032,0.7587384662528712,0.0000000000000000,0.0000000000000000,0.0000000000767392,0.0000000010688380,0.0056274230178575,0.0046189791023859,0.0083729537341257,0.0000000000000000,0.0000000000000000,0.0011527452898970,0.0005798110653220,0.0000016856525567,0.0000000000000000
170129231456,48,3,130,300,80,2,5.0000000000000000,0.0000000000000000,0.7420000000000000,0.0000000000000000,0.0000000000000000,6.7625397841941419,12.7256663042691152,9.5015487603977995,14.1932187779665835,0.1910860956373516,-1.6992063760833700,0.7608320082717502,0.0000000000000000,0.0000000000000000,0.0000000000774441,0.0000000010806437,0.0056259729416052,0.0045680046167059,0.0083045084528336,0.0000000000000000,0.0000000000000000,0.0011465655551106,0.0006314021377832,0.0000017511081729,0.0000000000000000
170129231456,49,3,130,300,80,2,5.0000000000000000,0.0000000000000000,0.7410000000000000,0.0000000000000000,0.0000000000000000,6.7091549052455495,12.6389339505743266,9.6303114091353592,14.1806057619432551,0.1936151165502017,-1.6977480094721027,0.7629063744970379,0.0000000000000000,0.0000000000000000,0.0000000000782012,0.0000000010926416,0.0056244993253565,0.0045179267738050,0.0082373148682518,0.0000000000000000,0.0000000000000000,0.0011403654879425,0.0006842120048340,0.0000018183247172,0.0000000000000000
170129231456,50,3,130,300,80,2,5.0000000000000000,0.0000000000000000,0.7400000000000000,0.0000000000000000,0.0000000000000000,6.6562638074209879,12.5528986599177994,9.7578662398962699,14.1680781282873056,0.1961208519018470,-1.6963006104666423,0.7649616282540170,0.0000000000000000,0.0000000000000000,0.0000000000790068,0.0000000011048347,0.0056230021881128,0.0044687218130173,0.0081713351113836,0.0000000000000000,0.0000000000000000,0.0011341462252945,0.0007382644755179,0.0000018873374282,0.0000000000000000
170129231456,51,3,130,300,80,2,5.0000000000000000,0.0000000000000000,0.7390000000000000,0.0000000000000000,0.0000000000000000,6.6038637930833977,12.4675587218587900,9.8842186150360405,14.1556352029716663,0.1986033866570039,-1.6948641034007430,0.7669978324785282,0.0000000000000000,0.0000000000000000,0.0000000000798576,0.0000000011172214,0.0056214815497740,0.0044203669560430,0.0081065332840069,0.0000000000000000,0.0000000000000000,0.0011279087991202,0.0007935836857527,0.0000019581820704,0.0000000000000000
170129231456,52,3,130,300,80,2,5.0000000000000000,0.0000000000000000,0.7380000000000000,0.0000000000000000,0.0000000000000000,6.5519521992014571,12.3829124647025353,10.0093738281564271,14.1432763130286840,0.2010628053839323,-1.6934384127245026,0.7690150497419933,0.0000000000000000,0.0000000000000000,0.0000000000807509,0.0000000011298046,0.0056199374310721,0.0043728403517306,0.0080428753291150,0.0000000000000000,0.0000000000000014,0.0011216541452606,0.0008501940871778,0.0000020308949131,0.0000000000000000
170129231456,53,3,130,300,80,2,5.0000000000000000,0.0000000000000000,0.7370000000000000,0.0000000000000000,0.0000000000000000,6.5005263953987704,12.2989582519867824,10.1333371096532012,14.1310007865408593,0.2034991923047040,-1.6920234629899025,0.7710133422879614,0.0000000000000000,0.0000000000000000,0.0000000000816842,0.0000000011425878,0.0056183698534951,0.0043261210252205,0.0079803289111600,0.0000000000000000,0.0000000000000000,0.0011153831112465,0.0009081204340629,0.0000021055127460,0.0000000000000000
170129231456,54,3,130,300,80,2,5.0000000000000000,0.0000000000000000,0.7360000000000000,0.0000000000000000,0.0000000000000000,6.4495837825054538,12.2156944800043270,10.2561136307006819,14.1188079526335262,0.2059126313178082,-1.6906191788567784,0.7729927720612663,0.0000000000000000,0.0000000000000000,0.0000000000826552,0.0000000011555674,0.0056167788392559,0.0042801888303085,0.0079188633064711,0.0000000000000000,0.0000000000000000,0.0011090964635292,0.0009673877723429,0.0000021820728626,0.0000000000000000
170129231456,55,3,130,300,80,2,5.0000000000000000,0.0000000000000000,0.7350000000000000,0.0000000000000000,0.0000000000000000,6.3991217911505931,12.1331195753351206,10.3777085071958410,14.1066971414692333,0.2083032060261906,-1.6892254850910133,0.7749534007347088,0.0000000000000000,0.0000000000000000,0.0000000000836617,0.0000000011687423,0.0056151644112384,0.0042350244055846,0.0078584493019562,0.0000000000000000,0.0000000000000000,0.0011027948940564,0.0010280214346181,0.0000022606130374,0.0000000000000000
170129231456,56,3,130,300,80,2,5.0000000000000000,0.0000000000000000,0.7340000000000000,0.0000000000000000,0.0000000000000000,6.3491378797068174,12.0512319911927825,10.4981268054141879,14.0946676842425962,0.2106709998001121,-1.6878423065438755,0.7768952897516579,0.0000000000000000,0.0000000000000000,0.0000000000847023,0.0000000011821196,0.0056135265929680,0.0041906091321928,0.0077990591007814,0.0000000000000000,0.0000000000000000,0.0010964790262510,0.0010900470145935,0.0000023411715591,0.0000000000000000
170129231456,57,3,130,300,80,2,5.0000000000000000,0.0000000000000000,0.7330000000000000,0.0000000000000000,0.0000000000000000,6.2996295333937793,11.9700302059695023,10.6173735444017936,14.0827189131765422,0.2130160957818830,-1.6864695681679824,0.7788185003470538,0.0000000000000000,0.0000000000000000,0.0000000000857755,0.0000000011956971,0.0056118654085926,0.0041469250956576,0.0077406662365475,0.0000000000000000,0.0000000000000000,0.0010901494204583,0.0011534903677505,0.0000024237871759,0.0000000000000000
170129231456,58,3,130,300,80,2,5.0000000000000000,0.0000000000000000,0.7320000000000000,0.0000000000000000,0.0000000000000000,6.2505942624162900,11.8895127199168744,10.7354537010798516,14.0708501615190773,0.2153385769461234,-1.6851071949959848,0.7807230935866043,0.0000000000000000,0.0000000000000000,0.0000000000868797,0.0000000012094754,0.0056101808828536,0.0041039550489618,0.0076832454926509,0.0000000000000000,0.0000000000000000,0.0010838065790216,0.0012183775921421,0.0000025084991190,0.0000000000000000
170129231456,59,3,130,300,80,2,5.0000000000000000,0.0000000000000000,0.7310000000000000,0.0000000000000000,0.0000000000000000,6.2020296009819544,11.8096780535382049,10.8523722128148030,14.0590607635438296,0.2176385261125888,-1.6837551121556489,0.7826091303946529,0.0000000000000000,0.0000000000000000,0.0000000000880139,0.0000000012226237,0.0056084730410840,0.0040616823791732,0.0076267728281410,0.0000000000000000,0.0000000000000000,0.0010774509508273,0.0012847350192945,0.0000025953470651,0.0000000000000000
170129231456,60,3,130,300,80,2,5.0000000000000000,0.0000000000000000,0.7300000000000000,0.0000000000000000,0.0000000000000000,6.1539331056501911,11.7305247446675907,10.9681339818802748,14.0473500545474792,0.2199160259999098,-1.6824132448499975,0.7844766715882624,0.0000000000000000,0.0000000000000000,0.0000000000891768,0.0000000012356684,0.0056067419091941,0.0040200910747841,0.0075712253085930,0.0000000000000000,0.0000000000000000,0.0010710829355528,0.0013525891993501,0.0000026843711371,0.0000000000000000
170129231456,61,3,130,300,80,2,5.0000000000000000,0.0000000000000000,0.7290000000000000,0.0000000000000000,0.0000000000000000,6.1063023539280401,11.6520513460344173,11.0827438791885839,14.0357173708533818,0.2221711592661156,-1.6810815183553265,0.7863257779154670,0.0000000000000000,0.0000000000000000,0.0000000000903673,0.0000000012488933,0.0056049875136728,0.0039791656957221,0.0075165810417767,0.0000000000000000,0.0000000000000000,0.0010647028875548,0.0014219668813604,0.0000027756119085,0.0000000000000000
170129231456,62,3,130,300,80,2,5.0000000000000000,0.0000000000000000,0.7280000000000000,0.0000000000000000,0.0000000000000000,6.0591349434072033,11.5742564238480430,11.1962067465019786,14.0241620498123645,0.2244040085233133,-1.6797598580324102,0.7881565100810944,0.0000000000000000,0.0000000000000000,0.0000000000915850,0.0000000012623043,0.0056032098815898,0.0039388913457972,0.0074628191182584,0.0000000000000000,0.0000000000000000,0.0010583111193670,0.0014928950100692,0.0000028691103601,0.0000000000000000
170129231456,63,3,130,300,80,2,5.0000000000000000,0.0000000000000000,0.7270000000000000,0.0000000000000000,0.0000000000000000,6.0124284900823675,11.4971385548167149,11.3085274009099059,14.0126834298067049,0.2266146563966545,-1.6784481893050651,0.7899689287839775,0.0000000000000000,0.0000000000000000,0.0000000000928287,0.0000000012758962,0.0056014090406037,0.0038992536451680,0.0074099195555085,0.0000000000000000,0.0000000000000000,0.0010519079050356,0.0015654006994453,0.0000029649078849,0.0000000000000000
170129231456,64,3,130,300,80,2,5.0000000000000000,0.0000000000000000,0.7260000000000000,0.0000000000000000,0.0000000000000000,5.9661806273794253,11.4206963245060571,11.4197106373299171,14.0012808502563555,0.2288031855488358,-1.6771464376693823,0.7917630947501942,0.0000000000000000,0.0000000000000000,0.0000000000940980,0.0000000012896733,0.0055995850189704,0.0038602387061053,0.0073578632461562,0.0000000000000000,0.0000000000000000,0.0010454934831121,0.0016395112254922,0.0000030630462686,0.0000000000000000
170129231456,65,3,130,300,80,2,5.0000000000000000,0.0000000000000000,0.7250000000000000,0.0000000000000000,0.0000000000000000,5.9203890048537602,11.3449283250675794,11.5297612318990979,13.9899536516235443,0.2309696787216914,-1.6758545286839885,0.7935390687645538,0.0000000000000000,0.0000000000000000,0.0000000000953917,0.0000000013036272,0.0055977378455577,0.0038218331088566,0.0073066319095907,0.0000000000000000,0.0000000000000001,0.0010390680594732,0.0017152540054543,0.0000031635676639,0.0000000000000000
170129231456,66,3,130,300,80,2,5.0000000000000000,0.0000000000000000,0.7240000000000000,0.0000000000000000,0.0000000000000000,5.8750512870504439,11.2698331532554743,11.6386839449294968,13.9787011754217119,0.2331142187726203,-1.6745723879727423,0.7952969117090095,0.0000000000000000,0.0000000000000000,0.0000000000967099,0.0000000013177675,0.0055958675498583,0.0037840238799034,0.0072562080465902,0.0000000000000000,0.0000000000000000,0.0010326318098362,0.0017926565833281,0.0000032665145979,0.0000000000000000
170129231456,67,3,130,300,80,2,5.0000000000000000,0.0000000000000000,0.7230000000000000,0.0000000000000000,0.0000000000000000,5.8301651522843061,11.1954094083030427,11.7464835240423646,13.9675227642242827,0.2352368887141725,-1.6732999412153271,0.7970366845921386,0.0000000000000000,0.0000000000000000,0.0000000000980514,0.0000000013320879,0.0055939741620154,0.0037467984704918,0.0072065748968735,0.0000000000000000,0.0000000000000000,0.0010261848821543,0.0018717466093943,0.0000033719299321,0.0000000000000000
170129231456,68,3,130,300,80,2,5.0000000000000000,0.0000000000000000,0.7220000000000000,0.0000000000000000,0.0000000000000000,5.7857282915105195,11.1216556899440224,11.8531647070709596,13.9564177616750644,0.2373377717516356,-1.6720371141474073,0.7987584485860600,0.0000000000000000,0.0000000000000000,0.0000000000994159,0.0000000013465873,0.0055920577128427,0.0037101447369098,0.0071577163995826,0.0000000000000000,0.0000000000000000,0.0010197273989099,0.0019525518213590,0.0000034798568605,0.0000000000000000
170129231456,69,3,130,300,80,2,5.0000000000000000,0.0000000000000000,0.7210000000000000,0.0000000000000000,0.0000000000000000,5.7417384075593620,11.0485705971297463,11.9587322239367744,13.9453855124989339,0.2394169513020309,-1.6707838325693645,0.8004622650533135,0.0000000000000000,0.0000000000000000,0.0000000001008032,0.0000000013612705,0.0055901182338481,0.0036740509224051,0.0071096171563006,0.0000000000000000,0.0000000000000000,0.0010132594589235,0.0020351000355933,0.0000035903388573,0.0000000000000000
170129231456,70,3,130,300,80,2,5.0000000000000000,0.0000000000000000,0.7200000000000000,0.0000000000000000,0.0000000000000000,5.6981932134009341,10.9761527248533319,12.0631908012441453,13.9344253625164711,0.2414745110672952,-1.6695400223200985,0.8021481955926806,0.0000000000000000,0.0000000000000000,0.0000000001022126,0.0000000013761342,0.0055881557572512,0.0036385056382738,0.0070622623955797,0.0000000000000000,0.0000000000000000,0.0010067811394818,0.0021194191144001,0.0000037034197141,0.0000000000000000
170129231456,71,3,130,300,80,2,5.0000000000000000,0.0000000000000000,0.7190000000000000,0.0000000000000000,0.0000000000000000,5.6550904317801658,10.9044006636496036,12.1665451629872621,13.9235366586576959,0.2435105350307745,-1.6683056093000308,0.8038163020575863,0.0000000000000000,0.0000000000000000,0.0000000001036436,0.0000000013911760,0.0055861703160282,0.0036034978482819,0.0070156379407524,0.0000000000000000,0.0000000000000000,0.0010002924979687,0.0022055369568665,0.0000038191434451,0.0000000000000000
170129231456,72,3,130,300,80,2,5.0000000000000000,0.0000000000000000,0.7180000000000000,0.0000000000000000,0.0000000000000000,5.6124277936807045,10.8333129967766677,12.2688000345826769,13.9127187489769852,0.2455251075217870,-1.6670805194541831,0.8054666466025544,0.0000000000000000,0.0000000000000000,0.0000000001050959,0.0000000014063962,0.0055841619439307,0.0035690168518676,0.0069697301788092,0.0000000000000000,0.0000000000000000,0.0009937935734615,0.0022934814669597,0.0000039375543315,0.0000000000000000
170129231456,73,3,130,300,80,2,5.0000000000000000,0.0000000000000000,0.7170000000000000,0.0000000000000000,0.0000000000000000,5.5702030374603790,10.7628882986869581,12.3699601450269476,13.9019709826720224,0.2475183132447032,-1.6658646787722435,0.8070992917108465,0.0000000000000000,0.0000000000000000,0.0000000001065691,0.0000000014217956,0.0055821306755097,0.0035350522695894,0.0069245260312518,0.0000000000000000,0.0000000000000000,0.0009872843883440,0.0023832805415432,0.0000040586968713,0.0000000000000000
170129231456,74,3,130,300,80,2,5.0000000000000000,0.0000000000000000,0.7160000000000000,0.0000000000000000,0.0000000000000000,5.5284139079218946,10.6931251334033277,12.4700302291665359,13.8912927101000498,0.2494902373085449,-1.6646580132922089,0.8087143002264097,0.0000000000000000,0.0000000000000000,0.0000000001080628,0.0000000014373715,0.0055800765461613,0.0035015940287714,0.0068800129271435,0.0000000000000000,0.0000000000000000,0.0009807649496037,0.0024749620426085,0.0000041826157484,0.0000000000000000
170129231456,75,3,130,300,80,2,5.0000000000000000,0.0000000000000000,0.7150000000000000,0.0000000000000000,0.0000000000000000,5.4870581554535276,10.6240220529745528,12.5690150298457564,13.8806832827996836,0.2514409652588390,-1.6634604490995011,0.8103117353831095,0.0000000000000000,0.0000000000000000,0.0000000001095767,0.0000000014531231,0.0055779995921503,0.0034686323500114,0.0068361787773782,0.0000000000000000,0.0000000000000000,0.0009742352501738,0.0025685537869577,0.0000043093557916,0.0000000000000000
170129231456,76,3,130,300,80,2,5.0000000000000000,0.0000000000000000,0.7140000000000000,0.0000000000000000,0.0000000000000000,5.4461335347886974,10.5555775952086250,12.6669193010632526,13.8701420535105839,0.2533705831252487,-1.6622719123206813,0.8118916608445121,0.0000000000000000,0.0000000000000000,0.0000000001111103,0.0000000014690475,0.0055758998506473,0.0034361577339516,0.0067930119502049,0.0000000000000000,0.0000000000000000,0.0009676952701610,0.0026640835044431,0.0000044389619902,0.0000000000000000
170129231456,77,3,130,300,80,2,5.0000000000000000,0.0000000000000000,0.7130000000000000,0.0000000000000000,0.0000000000000000,5.4056378041837894,10.4877902821853137,12.7637478099970156,13.8596683761966357,0.2552791774518352,-1.6610923291231388,0.8134541407319881,0.0000000000000000,0.0000000000000000,0.0000000001126634,0.0000000014851460,0.0055737773597575,0.0034041609496291,0.0067505012481304,0.0000000000000000,0.0000000000000000,0.0009611449780280,0.0027615788244643,0.0000045714794468,0.0000000000000000
170129234701,0,3,130,300,80,2,5.0000000000000000,0.0000000000000000,0.7900000000000000,0.0000000000000000,0.0000000000000000,9.9771473122967063,17.7727236601468199,1.7442417321952526,14.9125725576136148,0.0404679146477705,-1.7836294547760940,0.6373925510435653,0.0000000000000000,0.0000000000000000,0.0000000000000014,0.0000000000000054,0.0056701915571242,0.0090307132825265,0.0153369642042915,0.0000000000000000,0.0000000000000000,0.0012788598541124,0.0007809936906944,0.0000000744806821,0.0000000000000000
170129231456,78,3,130,300,80,2,5.0000000000000000,0.0000000000000000,0.7120000000000000,0.0000000000000000,0.0000000000000000,5.3655687246760913,10.4206586189412462,12.8595053387674731,13.8492616060699039,0.2571668353205697,-1.6599216257208023,0.8149992396520311,0.0000000000000000,0.0000000000000000,0.0000000001142358,0.0000000015014194,0.0055716321585644,0.0033726330225247,0.0067086358867306,0.0000000000000000,0.0000000000000000,0.0009545843315341,0.0028610672529821,0.0000047069533299,0.0000000000000000
170129234701,1,3,130,300,82,2,5.0000000000000000,0.0000000000000000,0.7900000000000000,0.0000000000000000,0.0000000000000000,9.9868293245449333,17.7986053115122189,1.7033555684838326,14.9125759803365696,0.0404785799621232,-1.7836299168179570,0.6374034060281423,0.0000000000000000,0.0000000000000000,0.0000000002276516,0.0000000044991428,0.0055328709974668,0.0092167439388823,0.0172904945159820,0.0000000000000000,0.0000000000000000,0.0010709047370654,0.0006888631948889,0.0000000704700925,0.0000000000000000
170129231456,79,3,130,300,80,2,5.0000000000000000,0.0000000000000000,0.7110000000000000,0.0000000000000000,0.0000000000000000,5.3259240589704344,10.3541810913891670,12.9541966872747505,13.8389210996150727,0.2590336443975990,-1.6587597283665085,0.8165270227329468,0.0000000000000000,0.0000000000000000,0.0000000001158267,0.0000000015178596,0.0055694642871551,0.0033415652235510,0.0066674054738799,0.0000000000000000,0.0000000000000000,0.0009480132788300,0.0029625761426178,0.0000048454288738,0.0000000000000000
170129234701,2,3,130,300,84,2,5.0000000000000000,0.0000000000000000,0.7900000000000000,0.0000000000000000,0.0000000000000000,9.9374159010104322,17.6348338180617183,156.9954047271827164,92.4292210798601133,2.9624903717325664,-5.0143779802068025,0.6215846414431785,0.0000000000000000,0.0000000000000000,0.0000000094076224,0.0000000717966087,0.0053764675800237,0.0050370352188600,0.0207027502624367,0.0000000000000000,0.0000000000000004,0.0009770266205662,1.9973592292323354,0.0123512874042454,0.0000000000000000
170129231456,80,3,130,300,80,2,5.0000000000000000,0.0000000000000000,0.7100000000000000,0.0000000000000000,0.0000000000000000,5.2867015706344214,10.2883561648349797,13.0478266751667356,13.8286462146162030,0.2608796929624564,-1.6576065633529424,0.8180375556528734,0.0000000000000000,0.0000000000000000,0.0000000001174361,0.0000000015341282,0.0055672737866511,0.0033109490588774,0.0066267999902388,0.0000000000000000,0.0000000000000000,0.0009414317593301,0.0030661326678143,0.0000049869513465,0.0000000000000000
170129231456,81,3,130,300,80,2,5.0000000000000000,0.0000000000000000,0.7090000000000000,0.0000000000000000,0.0000000000000000,5.2478990235615424,10.2231822830613925,13.1404001429868273,13.8184363101839409,0.2627050699213520,-1.6564620570238666,0.8195309046621384,0.0000000000000000,0.0000000000000000,0.0000000001190636,0.0000000015493836,0.0055650606992691,0.0032807762594450,0.0065868097715971,0.0000000000000000,0.0000000000000000,0.0009348397046068,0.0031717638069914,0.0000051315659689,0.0000000000000000
170129234701,3,3,130,300,86,2,5.0000000000000000,0.0000000000000000,0.7900000000000000,0.0000000000000000,0.0000000000000000,9.9634273647639482,17.7298230350171586,163.1956905654779746,95.6044054804025478,3.0783757919957564,-5.1534436556127039,0.6238625908249845,0.0000000000000000,0.0000000000000000,0.0000000002799601,0.0000000021126350,0.0052644612660945,0.0052293357048547,0.0221371348694158,0.0000000000000000,0.0000000000000000,0.0011054978236985,1.9974308565664960,0.0123997032563859,0.0000000000000000
170129231456,82,3,130,300,80,2,5.0000000000000000,0.0000000000000000,0.7080000000000000,0.0000000000000000,0.0000000000000000,5.2095141805903138,10.1586578656346820,13.2319219558332293,13.8082907467859695,0.2645098648716072,-1.6553261357532945,0.8210071366244410,0.0000000000000000,0.0000000000000000,0.0000000001207088,0.0000000015647773,0.0055628250683151,0.0032510387718805,0.0065474254904464,0.0000000000000000,0.0000000000000000,0.0009282370392094,0.0032794963020720,0.0000052793179606,0.0000000000000000
170129234701,4,3,130,300,88,2,5.0000000000000000,0.0000000000000000,0.7900000000000000,0.0000000000000000,0.0000000000000000,9.9514594627867936,17.7072038666904099,170.0476161451002781,99.0124991272355572,3.2075708814686292,-5.2948957136181969,0.6233022630965889,0.0000000000000000,0.0000000000000000,0.0000000006437828,0.0000000047813909,0.0051430550765261,0.0047410335423326,0.0238647526269547,0.0000000000000000,0.0000000000000000,0.0012732806478918,1.9975122447789244,0.0124640498115682,0.0000000000000000
170129231456,83,3,130,300,80,2,5.0000000000000000,0.0000000000000000,0.7070000000000000,0.0000000000000000,0.0000000000000000,5.1715448033162490,10.0947813076672936,13.3223970035078914,13.7982088862747219,0.2662941680957917,-1.6541987259694630,0.8224663190327580,0.0000000000000000,0.0000000000000000,0.0000000001223712,0.0000000015803077,0.0055605669382556,0.0032217287495541,0.0065086381405186,0.0000000000000000,0.0000000000000000,0.0009216236813396,0.0033893566435041,0.0000054302524377,0.0000000000000000
170129234701,5,3,130,300,90,2,5.0000000000000000,0.0000000000000000,0.7900000000000000,0.0000000000000000,0.0000000000000000,9.9670133442837514,17.7750191560573896,175.4779651897008534,101.7812477281357673,3.3100862005357903,-5.4151548723219669,0.6257467278615158,0.0000000000000000,0.0000000000000000,0.0000000001631497,0.0000000011994426,0.0050388595082660,0.0055075221418644,0.0253169481690629,0.0000000000000000,0.0000000000000000,0.0008048243092240,1.9975654294974616,0.0124890583750874,0.0000000000000000
170129231456,84,3,130,300,80,2,5.0000000000000000,0.0000000000000000,0.7060000000000000,0.0000000000000000,0.0000000000000000,5.1339886508818031,10.0315509774769200,13.4118302036434827,13.7881900919204465,0.2680580706159123,-1.6530797541383095,0.8239085200443772,0.0000000000000000,0.0000000000000000,0.0000000001240506,0.0000000015959721,0.0055582863547330,0.0031928385433757,0.0064704390204604,0.0000000000000000,0.0000000000000000,0.0009149995437003,0.0035013710324879,0.0000055844144233,0.0000000000000000
170129231456,85,3,130,300,80,2,5.0000000000000000,0.0000000000000000,0.7050000000000000,0.0000000000000000,0.0000000000000000,5.0968434794713096,9.9689652156525970,13.5002265028170338,13.7782337284435972,0.2698016642087719,-1.6519691467729058,0.8253338085031132,0.0000000000000000,0.0000000000000000,0.0000000001257469,0.0000000016117725,0.0055559833646044,0.0031643606940155,0.0064328197194100,0.0000000000000000,0.0000000000000000,0.0009083645340916,0.0036155653609588,0.0000057418487933,0.0000000000000000
170129234701,6,3,130,300,92,2,5.0000000000000000,0.0000000000000000,0.7900000000000000,0.0000000000000000,0.0000000000000000,10.2527531721035761,18.4975614928562884,501.3365779377827494,265.2813625482478415,9.7738074863091811,-11.9580229823663196,0.6214103888234717,0.0000000000000000,0.0000000000000000,0.0000000080003551,0.0000000526686043,0.0049855124355164,0.0095196066580016,0.0284109935420857,0.0000000000000000,0.0000000000000000,0.0014859475684315,1.9995064003693477,0.0156629001809457,0.0000000000000000
170129231456,86,3,130,300,80,2,5.0000000000000000,0.0000000000000000,0.7040000000000000,0.0000000000000000,0.0000000000000000,5.0601070415032785,9.9070223334883654,13.5875908785442743,13.7683391620479458,0.2715250414383690,-1.6508668304305179,0.8267422539661315,0.0000000000000000,0.0000000000000000,0.0000000001274591,0.0000000016276995,0.0055536580159608,0.0031362879243626,0.0063957721025305,0.0000000000000000,0.0000000000000000,0.0009017185559988,0.0037319651801496,0.0000059026002461,0.0000000000000000
170129234701,7,3,130,300,94,2,5.0000000000000000,0.0000000000000000,0.7900000000000000,0.0000000000000000,0.0000000000000000,9.9279170575674627,17.7241352900338853,201.4631246575753494,114.7336292079144471,3.8309248278329697,-5.9308307784049719,0.6315434925824200,0.0000000000000000,0.0000000000000000,0.0000000013674719,0.0000000110612480,0.0048272655056739,0.0057761895600532,0.0282040919824682,0.0000000000000000,0.0000000000000000,0.0007352594411604,1.9984107925567642,0.0122245902736399,0.0000000000000000
170129231456,87,3,130,300,80,2,5.0000000000000000,0.0000000000000000,0.7030000000000000,0.0000000000000000,0.0000000000000000,5.0237770851306740,9.8457206120820597,13.6739283403219396,13.7585057604546570,0.2732282956697691,-1.6497727317215296,0.8281339267240333,0.0000000000000000,0.0000000000000000,0.0000000001291872,0.0000000016437524,0.0055513103581866,0.0031086131315020,0.0063592882981401,0.0000000000000000,0.0000000000000000,0.0008950615092862,0.0038505956753390,0.0000060667132389,0.0000000000000000
170129231456,88,3,130,300,80,2,5.0000000000000000,0.0000000000000000,0.7020000000000000,0.0000000000000000,0.0000000000000000,4.9878513532836397,9.7850583004295366,13.7592439320770872,13.7487328929400778,0.2749115211110121,-1.6486867773008893,0.8295088978311996,0.0000000000000000,0.0000000000000000,0.0000000001309307,0.0000000016599307,0.0055489404419620,0.0030813293798475,0.0063233606844430,0.0000000000000000,0.0000000000000000,0.0008883932906697,0.0039714816264642,0.0000062342320057,0.0000000000000000
170129234701,8,3,130,300,96,2,5.0000000000000000,0.0000000000000000,0.7900000000000000,0.0000000000000000,0.0000000000000000,10.0848760280928182,18.1590698514745270,4.0848330074626489,16.3880816863962018,0.0945717743643678,-1.8467633664636698,0.6372130367362636,0.0000000000000000,0.0000000000000000,0.0000000031538777,0.0000000643776612,0.0047662481384102,0.0071904167897930,0.0311309809639523,0.0000000000000000,0.0000000000000000,0.0003483136052915,0.3799724338072522,0.0000972771248004,0.0000000000000000
170129231456,89,3,130,300,80,2,5.0000000000000000,0.0000000000000000,0.7010000000000000,0.0000000000000000,0.0000000000000000,4.9523275833494447,9.7250336148515046,13.8435427327203460,13.7390199303710769,0.2765748128189013,-1.6476088938809241,0.8308672391215851,0.0000000000000000,0.0000000000000000,0.0000000001326895,0.0000000016762320,0.0055465483193175,0.0030544298944955,0.0062879818778318,0.0000000000000000,0.0000000000000000,0.0008817137943309,0.0040946473911728,0.0000064052004684,0.0000000000000000
170129231456,90,3,130,300,80,2,5.0000000000000000,0.0000000000000000,0.7000000000000000,0.0000000000000000,0.0000000000000000,4.9172035063241246,9.6656447372964642,13.9268298582718852,13.7293662452434670,0.2782182667345980,-1.6465390082235591,0.8322090232334728,0.0000000000000000,0.0000000000000000,0.0000000001344628,0.0000000016926501,0.0055441340436416,0.0030279080544244,0.0062531447210795,0.0000000000000000,0.0000000000000000,0.0008750229123010,0.0042201168632083,0.0000065796622265,0.0000000000000000
170129234701,9,3,130,300,98,2,5.0000000000000000,0.0000000000000000,0.7900000000000000,0.0000000000000000,0.0000000000000000,9.9172432768138403,17.6646121760237484,209.5428471237638064,118.7264671809406593,3.9664456635118781,-6.0927435303205373,0.6112371299908428,0.0000000000000000,0.0000000000000000,0.0000000008320297,0.0000000057242314,0.0046176246142517,0.0088064950818465,0.0284878777282630,0.0000000000000000,0.0000000000000000,0.0013386419167736,1.9979021232147869,0.0127673145818651,0.0000000000000000
170129234701,10,3,130,300,100,2,5.0000000000000000,0.0000000000000000,0.7900000000000000,0.0000000000000000,0.0000000000000000,10.3720093930358068,18.9070827705841644,4.3040153891901518,17.0886030833565670,0.1025196148443951,-1.8858899128470692,0.6285417020657530,0.0000000000000000,0.0000000000000000,0.0000000005100392,0.0000000108570747,0.0046302415520995,0.0131703929499620,0.0369691568892339,0.0000000000000000,0.0000000000000000,0.0009790188743982,0.1056724995356986,0.0004225987619511,0.0000000000000000
170130115913,0,3,130,300,80,2,5.0000000000000000,0.0000000000000000,0.7900000000000000,0.0000000000000000,0.0000000000000000,9.9771470332676824,17.7727232313465038,1.7442424097000178,14.9125725576137480,0.0404679286394375,-1.7836294576652687,0.6373925679243964,0.0000000000000000,0.0000000000000000,0.0000000000061183,0.0000000000460187,0.0056701915788974,0.0090307125873397,0.0153369623628947,0.0000000000000000,0.0000000000000000,0.0012788599500708,0.0007809886651623,0.0000000744772332,0.0000000000000000
170130115913,1,3,132,300,80,2,5.0000000000000000,0.0000000000000000,0.7900000000000000,0.0000000000000000,0.0000000000000000,9.9698857731535480,17.7608811368889690,1.7647854251301354,14.9134888107073547,0.0408542659346576,-1.7836673264632645,0.6377438609131267,0.0000000000000000,0.0000000000000000,0.0000000000438963,0.0000000001985216,0.0056705404473439,0.0090137624794582,0.0152913776917177,0.0000000000000000,0.0000000000000000,0.0012816019918099,0.0007808559791370,0.0000000756133774,0.0000000000000000
170130115913,2,3,134,300,80,2,5.0000000000000000,0.0000000000000000,0.7900000000000000,0.0000000000000000,0.0000000000000000,9.9629336610224701,17.7495476509996024,1.7844444806036144,14.9143648845914942,0.0412241038231947,-1.7837034631355211,0.6380801197293331,0.0000000000000000,0.0000000000000000,0.0000000000363885,0.0000000001661626,0.0056708763551310,0.0089975786563866,0.0152481113682416,0.0000000000000000,0.0000000000000000,0.0012841932292501,0.0007808324972229,0.0000000767408862,0.0000000000000000
170130121945,0,3,130,300,80,2,5.0000000000000000,0.0000000000000000,0.7900000000000000,0.0000000000000000,0.0000000000000000,9.9771473122951484,17.7727236601446243,1.7442417321989012,14.9125725576137036,0.0404679146478608,-1.7836294547761042,0.6373925510436586,0.0000000000000000,0.0000000000000000,0.0000000000000014,0.0000000000000040,0.0056701915571244,0.0090307132824718,0.0153369642043268,0.0000000000000000,0.0000000000000000,0.0012788598541050,0.0007809936906302,0.0000000744806822,0.0000000000000000
170130121945,1,3,130,302,80,2,5.0000000000000000,0.0000000000000000,0.7900000000000000,0.0000000000000000,0.0000000000000000,9.9745027187051090,17.7661630575275460,1.7546074843341870,14.9125725576138546,0.0404679146616774,-1.7836294547716640,0.6373925510530228,0.0000000000000000,0.0000000000000000,0.0000000000520946,0.0000000010281806,0.0056696012826372,0.0088809572293417,0.0148448547659951,0.0000000000000000,0.0000000000000000,0.0013201338819334,0.0007975452365962,0.0000000740929301,0.0000000000000000
170130121945,2,3,130,304,80,2,5.0000000000000000,0.0000000000000000,0.7900000000000000,0.0000000000000000,0.0000000000000000,9.9100669308330058,17.5654336222772507,140.8210749612483141,84.2872300422231859,2.6508146545986522,-4.6795367000586863,0.6229867042860190,0.0000000000000000,0.0000000000000000,0.0000000010478084,0.0000000084103983,0.0056419913367887,0.0082490924728228,0.0156313393647602,0.0000000000000000,0.0000000000000000,0.0012716215473341,1.9967928348290240,0.0119373367408631,0.0000000000000000
170130121945,3,3,130,306,80,2,5.0000000000000000,0.0000000000000000,0.7900000000000000,0.0000000000000000,0.0000000000000000,9.9250644547816584,17.6171300240875865,138.9837064781829099,83.4093859581206516,2.6112442859207610,-4.6511317018966940,0.6248679500705785,0.0000000000000000,0.0000000000000000,0.0000000000713901,0.0000000005778252,0.0056500455774374,0.0085345125526738,0.0148265054203028,0.0000000000000000,0.0000000000000000,0.0014372042670468,1.9966142910555453,0.0117843779110634,0.0000000000000000
170130121945,4,3,130,308,80,2,5.0000000000000000,0.0000000000000000,0.7900000000000000,0.0000000000000000,0.0000000000000000,9.9117233326318530,17.5841196057299562,137.4125135237794098,82.5977112504163671,2.5770945453777405,-4.6207735658744502,0.6249510944622142,0.0000000000000000,0.0000000000000000,0.0000000000844122,0.0000000006882020,0.0056470493803175,0.0087225756665126,0.0143778197200976,0.0000000000000000,0.0000000000000000,0.0015964594187995,1.9964603571401185,0.0116492870630883,0.0000000000000000
170130121945,5,3,130,310,80,2,5.0000000000000000,0.0000000000000000,0.7900000000000000,0.0000000000000000,0.0000000000000000,9.9167557700835296,17.6048324283671356,135.8700605877805856,81.8428479123003285,2.5432558371404346,-4.5958969906675300,0.6263059268279914,0.0000000000000000,0.0000000000000000,0.0000000000170336,0.0000000001399175,0.0056508321234079,0.0090559471981789,0.0137010443076184,0.0000000000000000,0.0000000000000000,0.0017038422218081,1.9962936194310086,0.0115121571591130,0.0000000000000000
170130121945,6,3,130,312,80,2,5.0000000000000000,0.0000000000000000,0.7900000000000000,0.0000000000000000,0.0000000000000000,9.9188580775019322,17.6183993908462746,133.3648717012905536,80.6009713694138270,2.4916193067917005,-4.5507223496296438,0.6283201506964952,0.0000000000000000,0.0000000000000000,0.0000000000154201,0.0000000001280038,0.0056539882524994,0.0089736136414703,0.0130704925095947,0.0000000000000000,0.0000000000000000,0.0017511417359219,1.9961301828421494,0.0113751517659823,0.0000000000000000
170130121945,7,3,130,314,80,2,5.0000000000000000,0.0000000000000000,0.7900000000000000,0.0000000000000000,0.0000000000000000,10.1561547947626529,18.1876548181272923,358.2768313944848728,193.5066630035630055,7.0026337899250430,-9.0215343298295529,0.6253971506382888,0.0000000000000000,0.0000000000000000,0.0000000031712527,0.0000000225635006,0.0057002974571569,0.0074161521350395,0.0115882577450259,0.0000000000000000,0.0000000000000006,0.0011774695887070,1.9991039618494502,0.0145604433015293,0.0000000000000000
170130121945,8,3,130,316,80,2,5.0000000000000000,0.0000000000000000,0.7900000000000000,0.0000000000000000,0.0000000000000000,9.8818423027625339,17.5348623486174588,130.7823575992034080,79.2437200550094900,2.4497751730804591,-4.4893949046709736,0.6331551998792879,0.0000000000000000,0.0000000000000000,0.0000000028116459,0.0000000263049754,0.0056482585609327,0.0084724437666027,0.0121507707319257,0.0000000000000000,0.0000000000000068,0.0017622641315690,1.9969432867073638,0.0107821388832455,0.0000000000000000
170130121945,9,3,130,318,80,2,5.0000000000000000,0.0000000000000000,0.7900000000000000,0.0000000000000000,0.0000000000000000,9.9015146556137097,17.5746772383558501,124.7889079761111191,76.2784490063566807,2.3159389499978058,-4.3821982378658779,0.6280910824917144,0.0000000000000000,0.0000000000000000,0.0000000000532258,0.0000000004582789,0.0056498361170287,0.0092065164444446,0.0119219809234685,0.0000000000000000,0.0000000000000000,0.0021263009726305,1.9958694174237734,0.0107380582637315,0.0000000000000000
170130121945,10,3,130,320,80,2,5.0000000000000000,0.0000000000000000,0.7900000000000000,0.0000000000000000,0.0000000000000000,9.9367777330935425,17.6770370826752874,123.2931523347159839,75.6114354626714658,2.2847958689452801,-4.3642427632714860,0.6320717781381651,0.0000000000000000,0.0000000000000000,0.0000000002838106,0.0000000024658389,0.0056625757493933,0.0083790234934975,0.0111202371825592,0.0000000000000000,0.0000000000000000,0.0017804158943207,1.9956190795970836,0.0106919048147882,0.0000000000000000
170130121945,11,3,130,322,80,2,5.0000000000000000,0.0000000000000000,0.7900000000000000,0.0000000000000000,0.0000000000000000,9.8872055601057411,17.5459517588668561,124.1740477532703437,75.9483257661399875,2.2983283441445508,-4.3740849400918593,0.6286375516194396,0.0000000000000000,0.0000000000000000,0.0000000001537402,0.0000000013311124,0.0056487648339043,0.0092513100141470,0.0110304994549549,0.0000000000000000,0.0000000000000000,0.0022242472737107,1.9954693913558075,0.0106471180005449,0.0000000000000000
170130121945,12,3,130,324,80,2,5.0000000000000000,0.0000000000000000,0.7900000000000000,0.0000000000000000,0.0000000000000000,9.8939536323005957,17.5679009057996574,123.4294264328418791,75.5933549320026685,2.2807846394904341,-4.3637153603131003,0.6289719486397652,0.0000000000000000,0.0000000000000000,0.0000000000090500,0.0000000000787361,0.0056519736655695,0.0089931894902628,0.0106002006129885,0.0000000000000000,0.0000000000000000,0.0022188682702157,1.9952965606696653,0.0105460325733630,0.0000000000000000
170130121945,13,3,130,326,80,2,5.0000000000000000,0.0000000000000000,0.7900000000000000,0.0000000000000000,0.0000000000000000,9.8822526486201525,17.5381921939164229,122.7013642315122297,75.2058539489500930,2.2635538213755142,-4.3491827705217636,0.6280448891864002,0.0000000000000000,0.0000000000000000,0.0000000000299920,0.0000000002621900,0.0056490965770786,0.0091400697289861,0.0102782874782918,0.0000000000000000,0.0000000000000000,0.0023740901822523,1.9951485937088567,0.0104390611517082,0.0000000000000000
170130121945,14,3,130,328,80,2,5.0000000000000000,0.0000000000000000,0.7900000000000000,0.0000000000000000,0.0000000000000000,9.8758740730028425,17.5235574633923612,121.7177658302307179,74.7024933111953260,2.2414576283717076,-4.3307797379011088,0.6276018303902152,0.0000000000000000,0.0000000000000000,0.0000000000266167,0.0000000002340262,0.0056480282560055,0.0091360479973044,0.0099298600837952,0.0000000000000000,0.0000000000000000,0.0024712036365238,1.9950003180498590,0.0103237237724728,0.0000000000000000
170130121945,15,3,130,330,80,2,5.0000000000000000,0.0000000000000000,0.7900000000000000,0.0000000000000000,0.0000000000000000,9.8687936589483982,17.5070088075511663,120.6584664271685483,74.1597701715496953,2.2179585677257467,-4.3106412932713472,0.6271528603169673,0.0000000000000000,0.0000000000000000,0.0000000000208917,0.0000000001848048,0.0056467428274751,0.0094460658348565,0.0095525427538980,0.0000000000000000,0.0000000000000000,0.0025689238356782,1.9948556433592155,0.0102060920652634,0.0000000000000000
170130121945,16,3,130,332,80,2,5.0000000000000000,0.0000000000000000,0.7900000000000000,0.0000000000000000,0.0000000000000000,9.8622202792936200,17.4920003699631152,119.5423369595344951,73.5898487720381098,2.1934258014666357,-4.2894527868846053,0.6267844916241714,0.0000000000000000,0.0000000000000000,0.0000000000147506,0.0000000001313014,0.0056456624261167,0.0094054127440243,0.0092125440811184,0.0000000000000000,0.0000000000000000,0.0026531113986552,1.9947126136713524,0.0100873628082676,0.0000000000000000
170130121945,17,3,130,334,80,2,5.0000000000000000,0.0000000000000000,0.7900000000000000,0.0000000000000000,0.0000000000000000,9.8560310357781233,17.4781476060604781,118.3971266026787816,73.0062999101271686,2.1683946453881395,-4.2677316291611209,0.6264695207765764,0.0000000000000000,0.0000000000000000,0.0000000000084436,0.0000000000756396,0.0056447338233742,0.0093290346010623,0.0088774849086089,0.0000000000000000,0.0000000000000000,0.0027250784757134,1.9945709247440371,0.0099684741423914,0.0000000000000000
170130121945,18,3,130,336,80,2,5.0000000000000000,0.0000000000000000,0.7900000000000000,0.0000000000000000,0.0000000000000000,9.8503005005680730,17.4656587820255460,117.2363739357786585,72.4160574056895143,2.1431265499275138,-4.2457668776008806,0.6262066798578041,0.0000000000000000,0.0000000000000000,0.0000000000019512,0.0000000000175826,0.0056439819868546,0.0092133979780464,0.0085490351133918,0.0000000000000000,0.0000000000000000,0.0027832984657564,1.9944302386734314,0.0098498734314456,0.0000000000000000
170130121945,19,3,130,338,80,2,5.0000000000000000,0.0000000000000000,0.7900000000000000,0.0000000000000000,0.0000000000000000,9.8450603169265278,17.4546248677489295,116.0688342791214893,71.8235707850823957,2.1177904448077438,-4.2237427627177979,0.6259950470476645,0.0000000000000000,0.0000000000000000,0.0000000000047053,0.0000000000426950,0.0056434186040295,0.0090565031529241,0.0082288605099246,0.0000000000000000,0.0000000000000000,0.0028266307548554,1.9942903431589241,0.0097318198694084,0.0000000000000000
170130121945,20,3,130,340,80,2,5.0000000000000000,0.0000000000000000,0.7900000000000000,0.0000000000000000,0.0000000000000000,9.8403228243038399,17.4450868523352902,114.8998473058442329,71.2315422662669988,2.0924893581683688,-4.2017728212399508,0.6258361515408611,0.0000000000000000,0.0000000000000000,0.0000000000114997,0.0000000001050308,0.0056430502429433,0.0091888595067271,0.0078926308571208,0.0000000000000000,0.0000000000000000,0.0028540423311382,1.9941510918207674,0.0096144711827290,0.0000000000000000
170130121945,21,3,130,342,80,2,5.0000000000000000,0.0000000000000000,0.7900000000000000,0.0000000000000000,0.0000000000000000,9.8360769240350336,17.4370165526019996,113.7326216722746040,70.6415539126928849,2.0672851552315539,-4.1799232892276095,0.6257321980106872,0.0000000000000000,0.0000000000000000,0.0000000000184013,0.0000000001691519,0.0056428744885886,0.0089475920937195,0.0075960113861837,0.0000000000000000,0.0000000000000000,0.0028648657275545,1.9940123937323926,0.0094979364974238,0.0000000000000000
170130121945,22,3,130,344,80,2,5.0000000000000000,0.0000000000000000,0.7900000000000000,0.0000000000000000,0.0000000000000000,9.9335507344488008,17.6932685002083403,1.4078563320433588,14.6816102811862681,0.0743345208908209,-1.7316928284168660,0.6377019249079707,0.0000000000000000,0.0000000000000000,0.0000000010563678,0.0000000217552944,0.0056696164675427,0.0053750930456765,0.0073371460535041,0.0000000000000000,0.0000000000000000,0.0013780082004370,0.3669699255748917,0.0039455376555622,0.0000000000000000
170130121945,23,3,130,346,80,2,5.0000000000000000,0.0000000000000000,0.7900000000000000,0.0000000000000000,0.0000000000000000,9.8282718808867511,17.4225434395297505,112.8505332201345368,70.1890759272957752,2.0461360591096449,-4.1647412585821515,0.6254081252514246,0.0000000000000000,0.0000000000000000,0.0000000004874597,0.0000000045153586,0.0056426683006740,0.0085482704783784,0.0070388005362714,0.0000000000000000,0.0000000000000000,0.0028598334818965,1.9941410861574702,0.0093432731473972,0.0000000000000000
170130121945,24,3,130,348,80,2,5.0000000000000000,0.0000000000000000,0.7900000000000000,0.0000000000000000,0.0000000000000000,9.8256459110836492,17.4194739128545955,111.6110010255074769,69.5668849039088713,2.0197153877756207,-4.1418487907525137,0.6256073745474747,0.0000000000000000,0.0000000000000000,0.0000000000400303,0.0000000003732241,0.0056431819432117,0.0083154533846085,0.0067795374703214,0.0000000000000000,0.0000000000000000,0.0028095650950944,1.9940037971698676,0.0092284098227911,0.0000000000000000
170130121945,25,3,130,350,80,2,5.0000000000000000,0.0000000000000000,0.7900000000000000,0.0000000000000000,0.0000000000000000,9.8229485987688800,17.4159177409019037,110.4432713007516043,68.9802106656883041,1.9947300824341292,-4.1202609896445326,0.6257203205967368,0.0000000000000000,0.0000000000000000,0.0000000000459376,0.0000000004310084,0.0056435791536028,0.0083660755146943,0.0065212959333894,0.0000000000000000,0.0000000000000000,0.0027588402535060,1.9938670823083051,0.0091158057982176,0.0000000000000000
170130121945,26,3,130,352,80,2,5.0000000000000000,0.0000000000000000,0.7900000000000000,0.0000000000000000,0.0000000000000000,9.8204482083121292,17.4128264216903048,109.2812474099217752,68.3967565780962303,1.9699138587863017,-4.0987807710455915,0.6258536794036901,0.0000000000000000,0.0000000000000000,0.0000000000524298,0.0000000004950173,0.0056440140804720,0.0081020707999991,0.0062898536680379,0.0000000000000000,0.0000000000000000,0.0026986169314701,1.9937310721369270,0.0090041880368544,0.0000000000000000
170130121945,27,3,130,354,80,2,5.0000000000000000,0.0000000000000000,0.7900000000000000,0.0000000000000000,0.0000000000000000,9.8181027858063512,17.4100496474698296,108.1285793951327605,67.8182289190675505,1.9453340480329646,-4.0774628854305188,0.6259937513601762,0.0000000000000000,0.0000000000000000,0.0000000000587694,0.0000000005583472,0.0056444621151771,0.0078177954660591,0.0060700645736200,0.0000000000000000,0.0000000000000000,0.0026308010546892,1.9935958261043254,0.0088934686817700,0.0000000000000000
170130121945,28,3,130,356,80,2,5.0000000000000000,0.0000000000000000,0.7900000000000000,0.0000000000000000,0.0000000000000000,9.8158919156455244,17.4075170611894237,106.9910077035498119,67.2474423301145521,1.9210992674525640,-4.0564157413366599,0.6261335802271288,0.0000000000000000,0.0000000000000000,0.0000000000650015,0.0000000006213901,0.0056449121711064,0.0075178522743801,0.0058613615135245,0.0000000000000000,0.0000000000000000,0.0025565014560074,1.9934612758407155,0.0087838130653494,0.0000000000000000
170130121945,29,3,130,358,80,2,5.0000000000000000,0.0000000000000000,0.7900000000000000,0.0000000000000000,0.0000000000000000,9.8138092382839961,17.4052099978226309,105.8690063683936984,66.6846190824767291,1.8972173336015226,-4.0356486818658306,0.6262726378795517,0.0000000000000000,0.0000000000000000,0.0000000000711562,0.0000000006844157,0.0056453618354419,0.0072055255757577,0.0056631717190110,0.0000000000000000,0.0000000000000000,0.0024762951894778,1.9933273819897521,0.0086752465840770,0.0000000000000000
170130121945,30,3,130,360,80,2,5.0000000000000000,0.0000000000000000,0.7900000000000000,0.0000000000000000,0.0000000000000000,9.8118488842465670,17.4031131528334804,104.7623099566262965,66.1296143690515947,1.8736817298216886,-4.0151566917937718,0.6264109158181116,0.0000000000000000,0.0000000000000000,0.0000000000772330,0.0000000007474015,0.0056458095026471,0.0071604180246539,0.0054768463872518,0.0000000000000000,0.0000000000000000,0.0023907142417154,1.9931941209949142,0.0085677663567930,0.0000000000000000
170130121945,31,3,130,362,80,2,5.0000000000000000,0.0000000000000000,0.7900000000000000,0.0000000000000000,0.0000000000000000,9.8100045325109502,17.4012110449248425,103.6706598418682148,65.5822866464247340,1.8504860858336731,-3.9949348693352968,0.6265484056452668,0.0000000000000000,0.0000000000000000,0.0000000000832289,0.0000000008103031,0.0056462537696219,0.0068268255900363,0.0053002720945134,0.0000000000000000,0.0000000000000000,0.0023002806010622,1.9930614701639813,0.0084613706910018,0.0000000000000000
170130121945,32,3,130,364,80,2,5.0000000000000000,0.0000000000000000,0.7900000000000000,0.0000000000000000,0.0000000000000000,9.8082695374260123,17.3994882210619899,102.5938037048209281,65.0424975470494360,1.8276241738124852,-3.9749784230135656,0.6266850989986943,0.0000000000000000,0.0000000000000000,0.0000000000891414,0.0000000008730796,0.0056466934296297,0.0064889415891212,0.0051322044845947,0.0000000000000000,0.0000000000000000,0.0022055043290656,1.9929294076216537,0.0085650853332754,0.0000000000000000
170130121945,33,3,130,366,80,2,5.0000000000000000,0.0000000000000000,0.7900000000000000,0.0000000000000000,0.0000000000000000,9.9148484542114108,17.6709447521357284,4.8365259718595048,16.3783093401169779,0.1095105000459623,-1.8318195067888081,0.6379855613509683,0.0000000000000000,0.0000000000000000,0.0000000010537060,0.0000000220795860,0.0056731441118727,0.0043439582447005,0.0051383399462307,0.0000000000000000,0.0000000000000000,0.0010346490421092,0.7335995774160956,0.0040789664525273,0.0000000000000000
170130121945,34,3,130,368,80,2,5.0000000000000000,0.0000000000000000,0.7900000000000000,0.0000000000000000,0.0000000000000000,9.8048995249859541,17.3958503866560434,101.7159949192531485,64.6007192650848481,1.8092072764998592,-3.9583951914742643,0.6268405688094197,0.0000000000000000,0.0000000000000000,0.0000000002846480,0.0000000028064334,0.0056474532375734,0.0058181213393359,0.0048185919732828,0.0000000000000000,0.0000000000000000,0.0020093601429235,1.9929693852633183,0.0084321108615396,0.0000000000000000
170130121945,35,3,130,370,80,2,5.0000000000000000,0.0000000000000000,0.7900000000000000,0.0000000000000000,0.0000000000000000,9.8034518500890080,17.3945775670721154,100.6830954877517144,64.0832640218628313,1.7875736333083896,-3.9389862186962006,0.6269757327336848,0.0000000000000000,0.0000000000000000,0.0000000001067480,0.0000000010586338,0.0056478739226319,0.0057262386956110,0.0046840681457787,0.0000000000000000,0.0000000000000000,0.0019041405907384,1.9929823782127296,0.0083301338276413,0.0000000000000000
170130121945,36,3,130,372,80,2,5.0000000000000000,0.0000000000000000,0.7900000000000000,0.0000000000000000,0.0000000000000000,9.8020851335030557,17.3934245387122779,99.6639836295136377,63.5727972003395152,1.7662505381673692,-3.9198220285513945,0.6271101064127776,0.0000000000000000,0.0000000000000000,0.0000000001119445,0.0000000011166292,0.0056482869816546,0.0053869060784352,0.0045456857354492,0.0000000000000000,0.0000000000000000,0.0017964636630647,1.9929947754904673,0.0082292685922589,0.0000000000000000
170130121945,37,3,130,374,80,2,5.0000000000000000,0.0000000000000000,0.7900000000000000,0.0000000000000000,0.0000000000000000,9.8007937140066321,17.3923798901883373,98.6584306409964995,63.0691954337470406,1.7452322825073718,-3.9008984403402551,0.6272436177931389,0.0000000000000000,0.0000000000000000,0.0000000001174316,0.0000000011781293,0.0056486919578756,0.0050548386816698,0.0044127776960622,0.0000000000000000,0.0000000000000000,0.0016867627332305,1.9930065828314436,0.0081295139737807,0.0000000000000000
170130121945,38,3,130,376,80,2,5.0000000000000000,0.0000000000000000,0.7900000000000000,0.0000000000000000,0.0000000000000000,9.7995711262752518,17.3914314823729406,97.6662143538136149,62.5723380479814324,1.7245133314571786,-3.8822113792448589,0.6273762601257044,0.0000000000000000,0.0000000000000000,0.0000000001228305,0.0000000012393605,0.0056490886227499,0.0047318448832731,0.0042848745916545,0.0000000000000000,0.0000000000000000,0.0015754509468312,1.9930178065140409,0.0080308689805418,0.0000000000000000
170130121945,39,3,130,378,80,2,5.0000000000000000,0.0000000000000000,0.7900000000000000,0.0000000000000000,0.0000000000000000,9.7984112052581853,17.3905680867121539,96.6871164146912747,62.0821069958482425,1.7040882724875044,-3.8637568576333989,0.6275080271466368,0.0000000000000000,0.0000000000000000,0.0000000001281421,0.0000000013003166,0.0056494768717012,0.0044194768369423,0.0041615544748011,0.0000000000000000,0.0000000000000000,0.0014629223142246,1.9930284525439512,0.0079333324597681,0.0000000000000000
170130121945,40,3,130,380,80,2,5.0000000000000000,0.0000000000000000,0.7900000000000000,0.0000000000000000,0.0000000000000000,9.7973081376077946,17.3897794419506226,95.7209220594983634,61.5983867888901742,1.6839518119747390,-3.8455309727274880,0.6276389127333631,0.0000000000000000,0.0000000000000000,0.0000000001333668,0.0000000013609867,0.0056498567128662,0.0043185479274312,0.0040601539999751,0.0000000000000000,0.0000000000000000,0.0013495513916086,1.9930385266600112,0.0078369029213014,0.0000000000000000
170130121945,41,3,130,382,80,2,5.0000000000000000,0.0000000000000000,0.7900000000000000,0.0000000000000000,0.0000000000000000,9.7962564919767772,17.3890562786749925,94.7674199422343690,61.1210644312704332,1.6640987723088767,-3.8275299044684115,0.6277689111401517,0.0000000000000000,0.0000000000000000,0.0000000001385055,0.0000000014213644,0.0056502282575405,0.0040206261536565,0.0039458509982393,0.0000000000000000,0.0000000000000000,0.0012356930865245,1.9930480343463712,0.0077415783741028,0.0000000000000000
170130121945,42,3,130,384,80,2,5.0000000000000000,0.0000000000000000,0.7900000000000000,0.0000000000000000,0.0000000000000000,9.9030829154526536,17.6617634028994317,6.2445139301452528,17.0750500533631779,0.1421413478425279,-1.8548962916022478,0.6382483296777247,0.0000000000000000,0.0000000000000000,0.0000000010483507,0.0000000222446779,0.0056769330788993,0.0038625324568869,0.0038951450168585,0.0000000000000000,0.0000000000000000,0.0006733504487118,0.8542595918979918,0.0051343364631106,0.0000000000000000
170130121945,43,3,130,386,80,2,5.0000000000000000,0.0000000000000000,0.7900000000000000,0.0000000000000000,0.0000000000000000,9.9011835843400959,17.6593324939024008,6.2111785191385742,17.0564619297521851,0.1412659639666786,-1.8543326566738851,0.6382885067512593,0.0000000000000000,0.0000000000000000,0.0000000001342332,0.0000000028520661,0.0056772405726381,0.0037803149844469,0.0037822522814787,0.0000000000000000,0.0000000000000000,0.0006333197205638,0.8432492027742206,0.0051663581142252,0.0000000000000000
170130121945,44,3,130,388,80,2,5.0000000000000000,0.0000000000000000,0.7900000000000000,0.0000000000000000,0.0000000000000000,9.8993217780752936,17.6569706876633070,6.1782056994630459,17.0381096929855360,0.1404019916176806,-1.8537765116547953,0.6383288139822737,0.0000000000000000,0.0000000000000000,0.0000000001389483,0.0000000029559125,0.0056775488825791,0.0036964576758764,0.0036745484651954,0.0000000000000000,0.0000000000000000,0.0005925016824868,0.8323441747565532,0.0052025880628035,0.0000000000000000
170130121945,45,3,130,390,80,2,5.0000000000000000,0.0000000000000000,0.7900000000000000,0.0000000000000000,0.0000000000000000,9.8974960469970554,17.6546746309014821,6.1455928173955563,17.0199893671099503,0.1395493203284894,-1.8532277453644246,0.6383693461194792,0.0000000000000000,0.0000000000000000,0.0000000001430522,0.0000000030469503,0.0056778577588609,0.0037288853762478,0.0035763151006759,0.0000000000000000,0.0000000000000000,0.0005509350434724,0.8215447203158949,0.0052426883387558,0.0000000000000000
170130121945,46,3,130,392,80,2,5.0000000000000000,0.0000000000000000,0.7900000000000000,0.0000000000000000,0.0000000000000000,9.8957069559185431,17.6524443584953552,6.1133320290506141,17.0020970577366377,0.1387077521523984,-1.8526862214195929,0.6384100787386028,0.0000000000000000,0.0000000000000000,0.0000000001470950,0.0000000031368653,0.0056781668855476,0.0036396672188400,0.0034789099887404,0.0000000000000000,0.0000000000000000,0.0005086618085247,0.8108508204095971,0.0052861332975271,0.0000000000000000
170130121945,47,3,130,394,80,2,5.0000000000000000,0.0000000000000000,0.7900000000000000,0.0000000000000000,0.0000000000000000,9.8939548791191072,17.6502798498831979,6.0814157385234822,16.9844289506694679,0.1378770933254524,-1.8521518064799924,0.6384509882594646,0.0000000000000000,0.0000000000000000,0.0000000001510784,0.0000000032256845,0.0056784760379140,0.0035487451936987,0.0033865187242908,0.0000000000000000,0.0000000000000000,0.0004657252645571,0.8002624095411718,0.0053321766396164,0.0000000000000000
170130121945,48,3,130,396,80,2,5.0000000000000000,0.0000000000000000,0.7900000000000000,0.0000000000000000,0.0000000000000000,9.8922399862827639,17.6481810333123441,6.0498365874088691,16.9669813100211861,0.1370571541721502,-1.8516243701726720,0.6384920519260742,0.0000000000000000,0.0000000000000000,0.0000000001550035,0.0000000033134285,0.0056787850920054,0.0034561845903477,0.0032990818423895,0.0000000000000000,0.0000000000000000,0.0004221698696638,0.7897793780423602,0.0053798263904034,0.0000000000000000
170130121945,49,3,130,398,80,2,5.0000000000000000,0.0000000000000000,0.7900000000000000,0.0000000000000000,0.0000000000000000,9.8905622289014978,17.6461477921702468,6.0185874411201752,16.9497504763745823,0.1362477490009175,-1.8511037850121335,0.6385332477685285,0.0000000000000000,0.0000000000000000,0.0000000001588720,0.0000000034001298,0.0056790940346083,0.0033620968413541,0.0032165392615224,0.0000000000000000,0.0000000000000000,0.0003780411659765,0.7794015743032772,0.0054278360362477,0.0000000000000000
170130121945,50,3,130,400,80,2,5.0000000000000000,0.0000000000000000,0.7900000000000000,0.0000000000000000,0.0000000000000000,9.8889215556913594,17.6441803128291959,5.9876608356481604,16.9327328649591458,0.1354486854658583,-1.8505899226745119,0.6385745403840394,0.0000000000000000,0.0000000000000000,0.0000000001628491,0.0000000034893203,0.0056794029516295,0.0033756796235007,0.0031436897855010,0.0000000000000000,0.0000000000000000,0.0003333859817425,0.7691287814603602,0.0054747208381043,0.0000000000000000
